total_requests,successful_requests,failed_requests,throughput,average_latency_ms,average_jitter_ms,request_loss_percent,cpu_percent,memory_mb,load_balance_cv,node_distribution
1000,1000,0,43.7377039919292,22.841312100135838,40.19394654625814,0.0,0.0,29.3828125,0.0,"{'NODE-3': 500, 'NODE-4': 500}"
1000,1000,0,39.38264847217151,25.37457660025393,45.73892902904978,0.0,0.0,29.15625,0.0,"{'NODE-3': 500, 'NODE-4': 500}"
1000,1000,0,43.486318128027506,22.97735740027565,41.40828608570656,0.0,0.0,29.125,0.0,"{'NODE-3': 500, 'NODE-4': 500}"
1000,1000,0,187.49530792983126,5.3118569999642204,3.404212512374922,0.0,0.0,29.203125,0.0,"{'NODE-3': 500, 'NODE-4': 500}"
1000,1000,0,215.8117965748498,4.614129700072226,3.2074802803327547,0.0,0.0,29.125,0.0,"{'NODE-3': 250, 'NODE-4': 250, 'NODE-5': 250, 'NODE-6': 250}"
1000,1000,0,439.63605696266796,2.2585225000511855,1.673605004852233,0.0,0.0,29.078125,0.0,"{'NODE-3': 250, 'NODE-4': 250, 'NODE-5': 250, 'NODE-6': 250}"
1000,1000,0,168.01142733090532,5.928489000041736,4.180165165159558,0.0,0.0,29.078125,0.0,"{'NODE-3': 500, 'NODE-4': 500}"
1000,1000,0,186.0187732006153,5.358743200000845,5.251952952950024,0.0,0.0,29.02734375,0.0,"{'NODE-3': 500, 'NODE-4': 500}"
1000,1000,0,212.07444135244697,4.697333199995683,4.362496096089242,0.0,0.0,29.03125,0.0,"{'NODE-3': 500, 'NODE-4': 500}"
1000,1000,0,210.74149394646216,4.7204977000055806,4.533131531515336,0.0,0.0,29.08984375,0.0,"{'NODE-3': 500, 'NODE-4': 500}"
1000,1000,0,187.51195154300075,5.305456800022512,4.892094394412957,0.0,0.0,29.19921875,0.0,"{'NODE-3': 250, 'NODE-4': 250, 'NODE-5': 250, 'NODE-6': 250}"
1000,1000,0,136.23425283600784,7.312418200011962,5.512955655611912,0.0,0.0,29.0859375,0.0,"{'NODE-3': 250, 'NODE-4': 250, 'NODE-5': 250, 'NODE-6': 250}"
1000,1000,0,117.88327193699232,8.45216290002827,6.258286086114487,0.0,0.0,29.07421875,0.0,"{'NODE-3': 250, 'NODE-4': 250, 'NODE-5': 250, 'NODE-6': 250}"
1000,1000,0,105.2273097194565,9.469970299973284,7.685396896840894,0.0,0.0,29.10546875,0.0,"{'NODE-3': 250, 'NODE-4': 250, 'NODE-5': 250, 'NODE-6': 250}"
1000,1000,0,97.55347398555068,10.216645300008167,7.144585185230241,0.0,0.0,29.38671875,0.0,"{'NODE-3': 250, 'NODE-4': 250, 'NODE-5': 250, 'NODE-6': 250}"
1000,1000,0,115.42420721950947,8.633674699976837,6.3081941941953,0.0,0.0,29.1640625,0.0,"{'NODE-3': 500, 'NODE-4': 500}"
1000,1000,0,114.33905639567307,8.713523000040368,6.584304504510808,0.0,0.0,29.26171875,0.0,"{'NODE-3': 500, 'NODE-4': 500}"
1000,1000,0,159.74162495023614,6.2330488999978115,4.709400200183111,0.0,14.2,29.1015625,0.0,"{'NODE-3': 250, 'NODE-4': 250, 'NODE-5': 250, 'NODE-6': 250}"
1000,1000,0,111.19537496626327,8.96143219996884,6.935480480457478,0.0,0.0,29.0859375,0.0,"{'NODE-3': 250, 'NODE-4': 250, 'NODE-5': 250, 'NODE-6': 250}"
