timestamp,event,node,details
1790521903.125,failure_detected,3,missed for 5.0s
1790521906.129,failure_detected,5,missed for 5.2s
1790521941.261,failure_detected,5,missed for 5.7s
1790521945.279,failure_detected,6,missed for 5.4s
1790521946.282,failure_detected,4,missed for 5.1s
1790521946.282,failure_detected,3,missed for 5.6s
1790521956.754,failure_detected,3,missed for 6.0s
1790521978.81,failure_detected,4,missed for 5.2s
1790521978.81,failure_detected,3,missed for 5.9s
1790521983.821,failure_detected,6,missed for 5.6s
1790521983.821,failure_detected,5,missed for 5.7s
1790522035.122,failure_detected,4,missed for 5.0s
1790522035.125,failure_detected,3,missed for 5.8s
1790522040.14,failure_detected,6,missed for 5.6s
1790522040.14,failure_detected,5,missed for 5.7s
1790522043.499,failure_detected,5,missed for 5.0s
1790522049.508,failure_detected,5,missed for 5.0s
1790534534.31,failure_detected,3,missed for 5.2s
1790534541.633,failure_detected,3,missed for 5.8s
1790534542.637,failure_detected,4,missed for 5.1s
1790534542.641,failure_detected,5,missed for 5.0s
1790582401.766,failure_detected,5,missed for 6804.5s
1790582402.356,failure_detected,3,missed for 6803.9s
1790582406.749,failure_detected,4,missed for 6.0s
1790582408.823,failure_detected,5,missed for 5.2s
1790582409.856,failure_detected,3,missed for 5.7s
1790582412.002,failure_detected,4,missed for 6.0s
1790582727.977,failure_detected,4,missed for 5.1s
1790582728.984,failure_detected,3,missed for 6.0s
1790582728.985,failure_detected,5,missed for 6.0s
1790582730.824,failure_detected,4,missed for 6.0s
1790582730.83,failure_detected,5,missed for 5.8s
1790582730.831,failure_detected,3,missed for 5.8s
